{"cameraMode":{"drawMode":0,"name":"Shaded","section":"Shading Mode"},"sceneLighting":true,"audioPlay":false,"sceneViewState":{"showFog":true,"showMaterialUpdate":true,"showSkybox":true,"showFlares":true,"showImageEffects":true,"showParticleSystems":true},"in2DMode":false,"pivot":{"x":0.087799072265625,"y":2.3144798278808595,"z":1.0099952220916749},"rotation":{"x":-0.014215127564966679,"y":-0.6843557953834534,"z":-0.013346602208912373,"w":0.7288877367973328},"size":5.2085795402526859,"orthographic":false}