{"cameraMode":{"drawMode":0,"name":"Shaded","section":"Shading Mode"},"sceneLighting":false,"audioPlay":false,"sceneViewState":{"showFog":true,"showMaterialUpdate":true,"showSkybox":false,"showFlares":true,"showImageEffects":true,"showParticleSystems":true},"in2DMode":false,"pivot":{"x":0.0,"y":1.2000025510787964,"z":-1.4600000381469727},"rotation":{"x":0.03237656503915787,"y":-0.693562388420105,"z":0.031231384724378587,"w":0.718991219997406},"size":1.9085791110992432,"orthographic":false}